1,beimdegefu@gmail.com,Beimnet,Bekele,Degefu,$pbkdf2-sha512$25000$NEaI0VqrFYJwzvk/Z6y11pqzds5ZC4FQirHW2vuf816r1ZoTorTW2junFILwPuccwzhHSMn5v1cKwdg753xvjdFaa00J4by39j4nhPA.J6Q$rHNgZpUdXAytiIs92s1IAuvv8qbxr0d6JH1rYa4wNxVHHVK.34Xv64n9wSr6I2XLHD1bYpo6ZcUJ1I8u/PH7yA,2021-08-12 19:30:30.858345
2,beimdegefu@yahoo.com,Beimnet,Bekele,Degefu,$pbkdf2-sha512$25000$A0CI8d4bw5jTunfuPedcq7U2pjQGoDTmfE9prRWCEELoHeOcs3bufY.RMkaIMWbM2TsHACCkFKIU4nyPkdJaS6n1/l8Lwdg7p/S.t/a.914$tunw6MMmYRlP920VJ4dBhoZL2BHPmEWbUzWL05MoCMEOR0y1AVLS/szXciuTS.2M9aT5KQ11Yq1Dlm7965oRoA,2021-08-12 19:30:30.858345
3,someone@someone.com,Someone,Who,LovesPython,$pbkdf2-sha512$25000$ASBkzPm/t3aOMQbAmBMCIGTMGaNUilFqrZXS.t.bE8LYGyPEmLM2xhjj3DtHaK21VkqJMSaktLa2VoqRklIqRUhJCeHcG2NsrZUyBuCcE0I$nKKi0lHuZ1Rah53xDiRXIoUulll.naNvCFVd.DomBFP9i0ox4o6N5VB9GJutaRiEi1JHuNBpvz7qQa4Tii/IAw,2021-08-12 19:30:30.858345
4,amlakawitbeke@gmail.com,Amlakawit,Bekele,Degefu,$pbkdf2-sha512$25000$E4JQCiHkvLd2jrGWMuY853zPmbOWEqL0/r9XSkmJsZbSWsv5XysFoFQqJaQ0ZswZQ0ipNYbQ2lvL2TunVEqp1XrPuTemNGbMuRcCoLQWIoQ$KicIqxEm7ba8hbQ.jafjLoRM0CgCisSX.RX3nH.JbtCiol6Ts23L5fCUuSJghvVUxqtBg6LKY/WhzrE4HGNHJg,2021-08-12 19:30:30.858345
5,dingobeke@gmail.com,Dingo,Bekele,Degefu,$pbkdf2-sha512$25000$mPN.b02JkTKmFGKs1RpDaG3tnRMiBAAgJKR07l0rZewdYwwhBKDU.l/r/b93rpWyNuZcK0XIeU9JidH6P.dcy9kbQ0hJKcU4B0DofQ/BeI8$gH8/hNgXVMWGYh7JqaH7Xxi073VsdfPSeff1VsnaWw.6o/g3eY.Z8KGMRsTzXSbZSCj/ZDJJehppE54xEEzTIg,2021-08-12 19:32:31.253693
6,esseybeke@gmail.com,Essey,Bekel,Degefu,$pbkdf2-sha512$25000$JeT839ub815Lyfm/V2qt9b63NsYYIyTEmLM2RiiFsJbynjOm9H4PobS2di7FuBcCwHgv5VwrRYixtraW0tpb6x1DaI0RYkwpJUQIoXQuZew$435j4f9I1w10fuEI8QDFwgTbMgNYq8duUZCwo/czf1xAL9XllIYu7kLT56Y9Byx09wke3/jIbxVnbAtihSvNvQ,2021-08-14 10:14:01.508258
7,daveroberson@gmail.com,Dave,William,Roberson,$pbkdf2-sha512$25000$w7i3ds7Ze49Ryrk3ptS6l7J2bu2dM8b4/x.j1FprrbU2hpASgtA6x7gXQkhpTUmplfIe49zbO0eIkRIihHCuVYpxrnWude4dIyTEGCPEmDM$ooBgzBmg3uP/cetML3RPTdvxT87fepaPLs9wN/LPKXhl4U/CnPdgpogSB34mT2bK85bZ3zBN8s7vL.Nx28qVVQ,2021-08-14 23:13:04.771074
8,binigidey@gmail.com,BINYAM,Gidey,GEBRESILASSIE,$pbkdf2-sha512$25000$PccYI2SMUSpl7B2j1BojpHRubW0tJcRYC4EwhpDSGkOolRKi1Pr/n3MuReid07oXAiCkVGrNOce4t1aKkXKOUcrZWwsBQCgl5Pzfu/ce47w$nUZL8e6N3jNvCg4XNU.FAFw7isv88TTqjeWLxOKfjeLtPrJ0qqUI8dZVBNU/0fhJ4hX7rX3smNwaCgobzB/fVQ,2021-08-14 23:13:04.771074
9,nobody@widely.com,Nobody,Known,Widely,$pbkdf2-sha512$25000$BSAk5FxLKSXkHOM85/w/55yz9v4/RwihdI7xfq8VYoxRai2F0BpjzNmbk7IWAmBsDYHQ.p9TKuVcK2XMee99T.k9JwTA2Pt/j9GaE.J8b20$W1Isz2phR40STOwKkv8ccJXHPPE1TbUOrGjXZfMuZ7afhBArB8oRc/SNYSSdtqSwfKHyVE0ED5dO59dITPj9KQ,2021-08-14 23:13:04.771074
10,sombody@allover.com,somebody,known,allover,$pbkdf2-sha512$25000$ptQaw7j3vjemNGbM2fvfW2ttLeV8r5VSqlXqvTdGSGltzZkTovSes7YWYowxRmjNubdW6h2DkBKi1Lo3hjAGAIDQOsfYO2ds7V1rzTnH.P8$9zA9bw4h5eKfPtxcgUBVdzDINwy6VGC/0fij0ZBRu4it3mlwhHL3ghdTEY11eNfVh0NBeRBYmEP23aEJc/lEag,2021-08-14 23:13:04.771074
11,hiwot@degefu.com,Hiwot,Bekele,Degefu,$pbkdf2-sha512$25000$SOk9B6BUKsU4R4hxDgEgJATgfO.9FyIEAACA0Lq3lnKutdb6PyckBMC49z7n3Buj9L6X0to75/zf2xujVKpVyjlnzDln7N37P0dozXnP.b8$XPh9c/mMWTlG5hyG7P9P2SJ36azGfgj4YZC5Y1vpM3gr3MyWX3KWOYLEq11UPYvtuxHN54xQO2b3J3cKAYVL7Q,2021-08-14 23:13:04.771074
12,selam@zelalem.com,selam,yilikal,zelalem,$pbkdf2-sha512$25000$o5SyNgZAKIXwnjMGICTk3DvH.P9f6x3j3Pv/f29tbe19bw2BUIoRAuAcY0yptdZa613rPeeck/I.B2DsPQcAICTkfC.lVGotJcT439t7L4U$wL40AaeCv17gVsUIeqNH/RwIeaVoLWVRzA/Jk6p8.3gwlfndgGuVmlt7HTcbEubBHYZMkdRNsrxZZab0AyS6/A,2021-08-14 23:13:04.771074
13,patrickjane@gmail.com,Patrick,Woodland,Jane,$pbkdf2-sha512$25000$DWGsVWqNUcr5X2vt3fvfm/M.B6C0dk4JYUxJKaWUkvJeq5VyrrXWmhPCuJfyPgcg5Hzvvbd2ztn7P2fMWWuNsfae89679z5HaG1NScm5t/Y$2oDFb0nzpjG81l1kHnKDNtYwccqtvf6G4xJYxmOSqMPfpiCsFvataUg47xCzgZfcDxXceVY2BVy967njPl1k1Q,2021-08-14 23:13:04.771074
14,sherlock@crazy.com,sherlock,crazy,holmes,$pbkdf2-sha512$25000$jRHi/L/XGuO8954zJoTQOsdYKwXg3BsjxPgfQ8hZa23N2TvnnNM6J0To/f8/57x3jnHundNaq1VqLeUcoxTCGEOotbbWek8pZcx5L8XYWws$FN7BG./fSqh4konjV8CnhK97PL0DH1CcIb2NESEWkQjTjcMYBuoC.AhWvONI7rPMSFS7uuQryqOIAxWSPvTW4Q,2021-08-14 23:13:04.771074
15,watson@gmail.com,Watson,Pedantic,Doctor,$pbkdf2-sha512$25000$837PWauVMmYM4Zwz5jzHuPfeW8uZM.acEyIkBABASOmdUwohxJhzzpmTktIaQ8j5/7/3/j9nzFmrtXZOCcG4d.49p9QaA8BY612r9b4XAmA$u1o9T3blomP/0mirq/0PXT5O0GzijvBhWK7caUd0mDFyrEJXbJmLoAssRjLIx9Y0.P2AvPsuOqyL7nECbmgqSQ,2021-08-14 23:13:04.771074
16,alisson@becker.com,Alisson,Goal,Becker,$pbkdf2-sha512$25000$YuydM4ZwTsm59/7f.59TKsUY4zzHOOfcW.vdO8e4t1ZqDeF8LwVAKAWgFMLYOwdgDKH0nrMWgnCOUSolZIyR8h4jxNg7B6BUytn7PydE6P0$ddZ3IniU7iCAhCtoUPvTe6Nn2/qoi32wiuAbUrTnkDTvYW7pbC63JSfYnPmKi2HMlPmdZoJPrbSCOt4LjvbPiQ,2021-08-14 23:13:04.771074
17,virgl@dyke.com,Virgil,Van,Dyke,$pbkdf2-sha512$25000$29s759y7dy5FqPU.B2BMaa21VkrpHWMMQSilNIYQYizlnNNai9FaK8UYQ4gxxngvJUSIcU5JqXUOwXivtXaO0fp/D8G4lzLGGENI6d2bk/I$TZwECEalEdGWbnTj5YGMG2O0ECa0q.tJD1Vyg4cJhaZnZnIuVm1JuEzeBUcugkq.BKmyb0HcyBW6F.5L4WhKSQ,2021-08-14 23:13:04.771074
18,robertfirm@gmail.com,Roberto,Fir,Firmno,$pbkdf2-sha512$25000$jRGCEILQ2ruXkhLiHEOIUYpRai3FeI/ROmeMUarVeu9dSykFIIQwJmRMKWXMGQNgTImx9p5z7t17z3mvdY5x7n0PwXgvZWzNeS.FMAbAeG8$3pSdSvnNn9FR4oTlep3YzaYgE1CT.Yu5iMkCXnHiofeIXyTCin0SuZwTKrHIgGWqH4wg1YfA.siDX7u9cSN6xQ,2021-08-14 23:13:04.771074
19,saidoattack@gmail.com,Saido,Attack,Mane,$pbkdf2-sha512$25000$BKCUshYiBIAwRgihtJYSAiAkBKAUwjjnnNPa.7/3fq.V8j5HqPUeg9D6/5.TMobwvte61/rf2zsnZAxBaG2N8f4/B8D4n5PynvP.n1OqNWY$CgG9KWWkFZ6UGCyIrLpJ81tvd5YI//ihCFi5btvrCa9T9YyFbmdwr7lM4HMs6bKtwRNW8MGhmLrievgwwItJJQ,2021-08-14 23:13:04.771074
20,jota@digo.com,Digo,Attack,Jota,$pbkdf2-sha512$25000$USpFqPV.L4XwntNaixGiFGKs9d47B8D4X8u5N6YU4ry3VirFuHfOOWdMKUWIUUrJmRNCyBkDoFRq7T2nVKpV6v2f0zoHwJhz7t27tzam9H4$du1XQ1FhqIv2edI5y.j.MisQ9a4Pahuu6fKHj3REGxKULmMMXSg247s2fD0mLqFfSETSjxTQk8u1Kqr0OxvEwg,2021-08-14 23:13:04.771074
21,ronaldinho@gmail.com,Ronaldinho,Phonomen,Gocho,$pbkdf2-sha512$25000$4jzH.H8vxdhbCwHgnLN2jnFuLWUsxZizNoaQcs45BwBAiHEuhdBayxkjxBhjDGFsTcnZe28txZgzpvS.F8LY.1/LuVdKCeEc45zTWotRCqE$Y9Mpbk2x1NUxp9qqQJp9uDOHXaDZvvJHa1CytmtT/GPffZ3fyd5NglvC7fraFGmqZJKLp3d.5JUEBFHsFYDzBw,2021-08-14 23:13:04.771074
22,Ronaldo@phonomeno.com,Ronaldo,Phenomeno,Nazzario,$pbkdf2-sha512$25000$7B1jTKl1TmmNEaKU0tqb0zqn1Nr737sXIqT03htDyBnj/P8fg1BK6R0jpNQ6ByCklDKG8J4TIgTAOAfAGKNUCoFwTmktJWSMkTLGGEOo1To$cAlplbEy.vBpGfYUIWQD.OY/ZFA47H4xdvlrxljDiv0ItPb2mM3C9vrQUure8QbLgSC0pzofaxFSfmSc7XIMuA,2021-08-14 23:13:04.771074
23,bernd@gmail.com,Bernd,Temper,Leno,$pbkdf2-sha512$25000$EWJszRnjfM85h7BWCgGAsFaq9d6bkxLi3Pt/z7m3FqLUOofw/p8TohQihDAGAOA8x5iT8j6HsHYupXTOGUOoFaI0RojRGmOsdc7ZG8OYU8o$FEAz81pehOUldSrrbvkNtRI3ED0wj8ai.g8zp/4IJnVvBXjm9jXbjA/0bNNfaZwlfrROLe4HXgNNB03332HnKA,2021-08-14 23:13:04.771074
24,paul@pogba.com,Paul,Lazy,Pogba,$pbkdf2-sha512$25000$X6sVgpASIoRw7l3LGWMM4ZxzDiGEMGas9b6XklJKyXnP2fu/N6ZUyhlDCKF0zvmf855T6h1jzDlnbO2dcy7FeK/Vuvd.b80ZI8S41zpnrNU$sIkFnh7VtwFbJRf4PxJgaj71raWqdpWzhxBY8UQcLNatjImZbW5tfA2e2BAzRpWqYTJHiu6ah83FtHYYSKHiOw,2021-08-14 23:13:04.771074
25,kante@gmail.com,Noglo,Calm,Kante,$pbkdf2-sha512$25000$CYGwVmrtHWNsLUXonbM2BsCYUypF6B3D2JuTshYCAADgXMu5V.o9h1DqnXMuBSAkhJAS4lwrBeCck3JuTYmRcm5tLcVYa835n1PqfS/l3Js$tRZVsen2WNAew4NywT2boPPZKxeKI8J/0a8EndIJPonVOTtW1jlMvjwQ8g9RVDDsCUJEFwrYzqzgN373Fou43g,2021-08-14 23:13:04.771074
26,lionel@messi.com,Lionel,Agile,Messi,$pbkdf2-sha512$25000$Uur9H2MMYWxNqfUeI2TMWcv53ztnjLE2Rgjh3DtnTCmFkNLaG8NY692bE8L4X2utdU4JAaBUqpWSEsKYk9LaW.vde895z/kfozSmdC5FqPU$sfPafxPa9JLD2M2Q89YQ1aHhWxrOWwoHvoI1ovFmI3NhKBhBeoY2wPIJLz3.enDHpFaEW75ealxQ/hWC4AqfyQ,2021-08-14 23:13:04.771074
27,lucas@psg.com,Lucas,M,Paqueta,$pbkdf2-sha512$25000$4TwnRIhxrjUmZGztXcuZsxaitNbaGwMgZEyptbZ2jvGes3YuhXBOiXGOsRaidG4NQQihNObcGyMEQChlLGXM2Xtvbe29t/bee4.RMmasNUY$mlmg/oCycPgZ.M2iRiOAcBE.z5lZEc4hAuxN3qaPR60wKrUudKZ01kS9POtDkEfalz8hE3N1KmH8gAprg80XkQ,2021-08-14 23:13:04.771074
28,section@delete.com,section ,to ,delete,$pbkdf2-sha512$25000$Yqw1hnDOOcf4n3Ou9d5bK6UU4pxTCqHUem8NoTTGWMuZs5byHsNYi1FKKcW4N.bce29NqTXGWOvd.7.3FoKw9t6b855zDiFkTGltDeE8B.A$SABT1Wwpco7Je1D.e/Vfl5nJ3Bw4/wOtjFkqmm7eKfAUWWIdzwcwtUa.phRO..HjWrYcRhNTH1reXEEfUeuDfA,2021-08-14 23:13:04.771074
